{"cameraMode":{"drawMode":0,"name":"Shaded","section":"Shading Mode"},"sceneLighting":false,"audioPlay":false,"sceneViewState":{"showFog":false,"showMaterialUpdate":false,"showSkybox":false,"showFlares":false,"showImageEffects":false,"showParticleSystems":false},"in2DMode":false,"pivot":{"x":706.084716796875,"y":70.78438568115235,"z":14.81119441986084},"rotation":{"x":0.2646549642086029,"y":-0.01880323700606823,"z":0.0051614209078252319,"w":0.964146077632904},"size":737.9600830078125,"orthographic":false}