{"cameraMode":{"drawMode":0,"name":"Shaded","section":"Shading Mode"},"sceneLighting":false,"audioPlay":false,"sceneViewState":{"showFog":false,"showMaterialUpdate":false,"showSkybox":false,"showFlares":false,"showImageEffects":false,"showParticleSystems":false},"in2DMode":false,"pivot":{"x":0.30412712693214419,"y":0.9765044450759888,"z":0.3324616551399231},"rotation":{"x":0.2646549642086029,"y":-0.01880323700606823,"z":0.0051614209078252319,"w":0.964146077632904},"size":17.53841781616211,"orthographic":false}